treatment,days since tumour inoculation,ifng
,7,0.281723
,7,0.120394
,7,0.11799
,7,0.040547
,10,0.155007
,10,0.042348
,10,0.025368
,10,0.035173
,13,0.012908
,13,0.022586
,13,0.022489
,13,0.015944
,13,0.005586
